name,display_order
ABB,1
ALLEN BRADLEY,2
SCHNEIDER,3
Siemens,4
NEWBEAT,5
DCK,6
AWHT,7
NEWBERT,8
NEWSEAT,9
MKI,10
MMK,11
AWH,12
AL MADA AL AQRAB MANUFACTURING CO.,15
TOYO,16
HALTER,17
Crosby,18
KATRADIS,19
Generic,21
Al,22
JOYO,23
Max,26
Aqrar,27
Max Germany,28
Mayx,29
Ma,31
3M,33
Rothenberger,36
Beckhoff,37
Bison,38
BSS,39
Rabco,40
JIANZHI,41
CNG,42
CNG Grooved Products,43
Danfoss,44
Delta,45
DEWALT,46
Fan,47
Fanzic,48
FESTO,49
HiKOKI,50
MULTI VOLT,51
BRUSHLESS,52
Metabo HPT,54
Li-ion,56
AHB,57
UVP,58
LVH,59
ISP,60
Keyence,61
Kurt,62
SISTEMA,63
KT,64
WEST,65
Crane Scale,67
WEBSLING CARGO LASHING BELT,69
Kuri,70
Industrial Siren,71
UNI-T,72
Lenze,73
MITSUBISHI,74
Vaultex,75
Armstrong,76
Miller,77
Workland,78
Zalat,79
SCI,84
NETCO,85
AMERICAN TAG,86
LALIZA,87
ADD,88
MLU,89
TRY,90
NKK,91
FORST,92
SICK,94
SMC,96
STANLEY,98
Safety Juggler,100
STANLEY FATMAX,101
FACOM,102
TUF-FIX,103
MATCO-NORCA,104
WINCO,106
Tradesaudi,108
High Visibility Safety Vest,109
V Style,110
SUN FLOWER,111
Makita,112
Robin,113
Bearing,115
Circlip,116
O Ring,117
BMI,119
Butterfly,120
Camlock,121
Globe,122
Hammer,123
Pvc,124
Mason,125
Yaskawa,126
TOP KING,127
RAF SAFETY,128
KINGS WEAR,129
K2,130
King Bridge,131
King Wire,132
PIPA DANCE,133
RAFCO,134
TOP CASTOR,135
HAWK,137